Denson;Growcock
Deo;Growden
Deontrae;Growell
Dermot;Growney
Derryck;Groys
Dervin;Grriffin
Deryck;Gruba
Deshan;Grubaugh
Desiderio;Grubb
Detric;Grubba
Deva;Grubbs
Devarsh;Grube
Dewane;Grubel
Deyren;Gruben
Deyvi;Gruber
Dhanush;Grubman
Dheeraj;Gruby
Dhiren;Gruca
Diland;Gruda
Dilen;Grudem
Dimitris;Grudt
Dishawn;Grudzien
Divij;Grudzinski
Divyesh;Grueber
Djimon;Gruell
Dkari;Gruen
Dmauri;Gruenberg
Doel;Gruenes
Dom;Gruenewald
Domnick;Gruenhagen
Doniel;Gruening
Donn;Grueninger
Dontai;Gruenwald
Dontavis;Gruesbeck
Donyae;Grueser
Donye;Gruett
Dorin;Gruger
Doroteo;Gruhlke
Drace;Gruhn
Dragan;Gruiger
Draycen;Gruis
Drayvin;Grulke
Dresyn;Grulkey
Dreyton;Grullon
Durham;Grum
Duvall;Gruman
Dvonte;Grumbach
Dwyane;Grumbine
Dyan;Grumbles
Dyce;Grumbling
Dymond;Grumer
Dysen;Grumet
Eathen;Grumney
Eaton;Grun
Eaven;Grunau
Eddrick;Grunberg
Edonis;Grund
Edrei;Grunden
Edvardo;Grunder
Edyn;Grundhoefer
Eeyan;Grundman
Efthimios;Grundmann
Ehab;Grundmeier
Ehitan;Grundon
Eiji;Grundy
Eirnin;Grune
Ejaz;Gruner
Ekamjeet;Grunert
Ekrem;Grunewald
Eldridge;Grunin
Elhadj;Gruninger
Eliana;Grunlien
Eliason;Grunow
Elic;Grunst
Elii;Gruntz
Elijaah;Grunwald
Elijames;Grupa
Elikai;Grupe
Elior;Grupp
Elisey;Gruse
Elison;Grusenmeyer
Elizabeth;Grush
Ellet;Gruska
Elli;Grussendorf
Elmar;Grussing
Eloi;Grustas
Elyott;Gruters
Emeri;Gruver
Emerich;Gruwell
Emeryk;Gruz
Emmanual;Gruzinsky
Emmery;Grybel
Emmiliano;Gryder
Emonte;Grygiel
Emrah;Grymes
Emyr;Gryniuk
Enam;Gryszowka
Enea;Grzebien
England;Grzegorek
Enki;Grzelak
Enock;Grzesiak
Enri;Grzesik
Erdi;Grzyb
Erfan;Grzybowski
Eries;Grzywacz
Ermin;Grzywinski
Ermis;Gschwend
Eryck;Gschwind
Erza;Gsell
Esben;Gstohl
Eshawn;Gu
Eshin;Guadagno
Esias;Guadagnolo
Esley;Guadalajara
Esnaider;Guadalupe
Esteven;Guadarrama
Estevon;Guadeloupe
Ethin;Guadian
Eulises;Guadiana
Evens;Guagenti
Evion;Guagliano
Eyas;Guagliardo
Eyasu;Guajardo
Eylan;Gualdoni
Eyram;Gualtieri
Ezaiah;Guaman
Ezayah;Guan
Ezechiel;Guanche
Eziel;Guandique
Ezri;Guanio
Faaiz;Guard
Fallou;Guardado
Falon;Guardarrama
Famous;Guardia
Farah;Guardian
Fardin;Guardino
Fariz;Guardiola
Farren;Guardipee
Farzan;Guareno
Favor;Guariglia
Fawwaz;Guariglio
Faysal;Guarin
Fender;Guarini
Fennec;Guarino
Ferman;Guarisco
Filipe;Guarnera
Fineas;Guarneri
Finland;Guarnieri
Firman;Guarno
Flex;Guarracino
Forbes;Guarriello
Forever;Guasp
Franciszek;Guastella
Fraser;Guay
Freddrick;Guba
Frederico;Gubala
Fredis;Gubbins
Freylin;Guberman
Furious;Gubernath
Fynnegan;Gubin
Fynnigan;Gubitosi
Fyodor;Gubler
Gabel;Gubser
Gabrian;Gucciardi
Gaddiel;Gucciardo
Gadi;Guccione
Gadriel;Gucker
Gadsden;Guckes
Gaebriel;Guckin
Gahel;Gucman
Galaxy;Gucwa
Galloway;Gudaitis
Garang;Gudat
Garcia;Gude
Garv;Gudenkauf
Garvey;Guderian
Gavinn;Guderjahn
Gavon;Gudgel
Gevorg;Gudgell
Ghian;Gudger
Giankarlo;Gudiel
Giavanni;Gudinas
Gilmar;Gudino
Given;Gudis
Glynn;Gudmundson
God;Gudmundsson
Godfred;Gudroe
Godson;Gue
Goliath;Guebara
Govinda;Guebert
Grabiel;Guecho
Gradey;Guedea
Graecyn;Guedes
Graeden;Guedesse
Grafton;Guedjian
Graisen;Guedry
Granite;Gueits
Granville;Guel
Graycin;Guelespe
Graydin;Guelff
Graylan;Guell
Graylen;Guella
Graysin;Guelpa
Gregori;Guemmer
Greylon;Guempel
Greyton;Guenette
Grigoriy;Guenin
Gurtej;Gueningsman
Haben;Guenison
Haddox;Guenther
Haigen;Guenthner
Haile;Guenthur
Hairo;Guerard
Haizen;Guercio
Haji;Guereca
Hakeim;Guerena
Hakiem;Guerera
Halim;Guerero
Hamse;Guererro
Haneesh;Gueretta
Hannes;Guerette
Hanzalah;Guerin
Haochen;Guerini
Haoxuan;Guerino
Haran;Guerinot
Hardik;Guernsey
Hardin;Guerra
Harison;Guerrant
Harker;Guerrazzi
Harshaan;Guerreiro
Harshil;Guerrera
Harshit;Guerrero
Harshiv;Guerrette
Harveer;Guerrido
Harvest;Guerrier
Hassaan;Guerrieri
Hassiel;Guerriero
Hastin;Guerrini
Haston;Guerro
Havyn;Guerrouxo
Hayaan;Guerry
Hayz;Guers
Haziq;Guertin
Hemingway;Guesman
Hendrex;Guess
Hennessy;Guest
Henos;Guetersloh
Hernando;Gueth
Hervey;Guethle
Hezeki;Guetierrez
Hezron;Guevana
Hickson;Guevara
Hikeem;Guevarra
Hilder;Guevera
Hixon;Guevin
Hiyan;Guffanti
Holbrook;Guffey
Holter;Guffin
Holy;Guffy
Honour;Gugel
Hope;Guger
Hopper;Gugerty
Hossam;Guggemos
Hrehaan;Guggenheim
Hristo;Gugino
Hudaifa;Gugler
Hudayfi;Guglielmi
Hudeyfi;Guglielmina
Hussam;Guglielmo
Huzaifah;Gugliotta
Hyder;Gugliotti
Iago;Gugliuzza
Ibhan;Guhl
Ichigo;Guiab
Ikeem;Guialdo
Imrane;Guiao
Imre;Guiberteau
Indra;Guice
Inez;Guichard
Ioane;Guida
Iori;Guidaboni
Ioseph;Guiden
Ireland;Guider
Isahi;Guidera
Isaian;Guidetti
Isam;Guidi
Isan;Guidice
Ishmeal;Guido
Isias;Guidos
Isileli;Guidotti
Issaiah;Guidrey
Isse;Guidroz
Ithan;Guidry
Itiel;Guieb
Ivaniel;Guiel
Ives;Guier
Izach;Guiffre
Izai;Guiga
Izair;Guiggey
Izavier;Guignard
Izayha;Guiher
Izeiah;Guijarro
Izell;Guilbault
Izhar;Guilbe
Izsak;Guilbeau
Izyaan;Guilbeault
Izziah;Guilbeaux
Jabarie;Guilbert
Jabdiel;Guilboard
Jabori;Guild
Jabraylen;Guildford
Jabreel;Guile
Jacayden;Guiles
Jackman;Guilfoil
Jaco;Guilfoos
Jacsen;Guilford
Jadein;Guilfoyle
Jadeyn;Guilianelli
Jadhiel;Guiliani
Jaeshawn;Guiliano
Jaeven;Guill
Jaevian;Guillama
Jaevien;Guillan
Jaffar;Guillary
Jahai;Guillaume
Jaharri;Guillebeau
Jahaven;Guillemette
Jahcari;Guillen
Jahcere;Guillerault
Jahfari;Guillereault
Jahlee;Guillermo
Jahmiere;Guillet
Jahree;Guillette
Jahriel;Guilliam
Jahshua;Guilliams
Jahsire;Guillory
Jahsiyah;Guillot
Jahzion;Guillote
Jaikob;Guillotte
Jailon;Guilmain
Jainil;Guilmette
Jaithan;Guilstorf
Jaiyce;Guiltner
Jakarie;Guimaraes
Jakarion;Guimares
Jakhy;Guimond
Jakoda;Guin
Jakorey;Guinan
Jaksen;Guinane
Jaleek;Guinasso
Jaleon;Guiney
Jama;Guinle
Jamareon;Guinn
Jamarkus;Guinnip
Jameire;Guinta
Jamen;Guintanilla
Jamesmichael;Guinther
Jamile;Guinto
Jammal;Guinyard
Janek;Guion
Jangelo;Guirand
Janniel;Guire
Janxiel;Guirgis
Janzel;Guisbert
Jaquai;Guise
Jaquari;Guisinger
Jaquavion;Guiski
Jaquay;Guisti
Jaquincy;Guitano
Jaquinn;Guitar
Jaquinton;Guitard
Jarome;Guiterez
Jarrad;Guiterrez
Jaryan;Guith
Jaryd;Guitian
Jasek;Guitierez
Jashad;Guitierrez
Jasian;Guitreau
Jassen;Guittar
Jasser;Guittennez
Jassir;Guitterez
Jaterrion;Guity
Jatin;Guizar
Javanni;Gula
Javarri;Gulan
Javontay;Gularte
Jaxcyn;Gulati
Jaxn;Gulbraa
Jaxsten;Gulbrandsen
Jaxxyn;Gulbrandson
Jayanth;Gulbransen
Jaycian;Gulbranson
Jaycieon;Gulde
Jayco;Guldemond
Jaydien;Gulden
Jaylee;Guldin
Jayleon;Guler
Jaylian;Guley
Jaymari;Gulick
Jaymarion;Gulikers
Jayr;Gulini
Jayseon;Gulino
Jaysson;Gulinson
Jaysten;Gulisano
Jayze;Gulizio
Jazeel;Gulke
Jediael;Gull
Jedrek;Gulla
Jedriel;Gullace
Jeffri;Gullage
Jefren;Gullatt
Jemiah;Gullatte
Jensiel;Gulledge
Jensin;Gullett
Jenzel;Gullette
Jeran;Gulley
Jerelle;Gullick
Jeremian;Gullickson
Jerin;Gulliksen
Jerison;Gulling
Jerold;Gullion
Jeromiah;Gulliver
Jerquan;Gullixson
Jerrin;Gullo
Jersiah;Gullotta
Jeryn;Gullung
Jesco;Gully
Jessiel;Gulnac
Jeton;Gulnick
Jexton;Gulotta
Jhael;Gulston
Jhaiden;Gulsvig
Jhamere;Gulyas
Jheremy;Gum
Jhoel;Gumaer
Jhovani;Gumb
Jiair;Gumbel
Jihan;Gumbert
Jiles;Gumbs
Jimal;Gumina
Jionny;Gumm
Jlynn;Gummer
Joandy;Gummersall
Joanel;Gummersheimer
Joeanthony;Gummo
Joedy;Gump
Joevani;Gumpert
Johansel;Gumphrey
Johaun;Gumprecht
Johnathyn;Gums
Johndaniel;Gumz
Johngabriel;Gun
Johnjoseph;Gunagan
Joji;Gunawan
Jonathyn;Gunby
Jonothan;Gundelach
Joryel;Gunder
Josaih;Gunderman
Joseth;Gundersen
Joshawn;Gunderson
Josyiah;Gundert
Jotaro;Gundlach
Jourdin;Gundrum
Jovel;Gundry
Jowel;Gundy
Jozeph;Gungor
Joziel;Gunia
Jozyah;Gunkel
Jream;Gunkelman
Juluis;Gunlock
Junayd;Gunn
Junming;Gunnarson
Junzhe;Gunnell
Justine;Gunnells
Juwel;Gunnels
Juwelz;Gunner
Jye;Gunnerson
Jyquan;Gunnett
Kaaden;Gunning
Kabriel;Gunnoe
Kaceon;Gunselman
Kacin;Gunsolley
Kacy;Gunsolus
Kadmiel;Gunst
Kado;Gunstream
Kaecyn;Gunter
Kaede;Gunterman
Kaedence;Guntert
Kaelob;Guntharp
Kahlen;Gunther
Kahli;Gunthrop
Kahne;Gunto
Kahron;Guntrum
Kaiba;Gunyan
Kaicyn;Gunyon
Kaien;Gunzalez
Kailin;Gunzelman
Kailum;Gunzenhauser
Kailyn;Guo
Kaimen;Guoan
Kaiming;Guppy
Kainin;Gupta
Kaion;Guptill
Kaire;Gupton
Kaishawn;Gura
Kaiyen;Gural
Kajetan;Guralnick
Kalahikiola;Gurecki
Kalif;Gureczny
Kalino;Gurevich
Kalleb;Gurganious
Kaloyan;Gurganus
Kalyn;Guridi
Kamaal;Gurin
Kamaren;Guritz
Kamarius;Gurka
Kamaron;Gurke
Kamorion;Gurkin
Kamronbek;Gurley
Kanishk;Gurne
Kaptain;Gurnee
Karbon;Gurner
Karen;Gurnett
Karloz;Gurney
Karmani;Gurnsey
Karmon;Gurr
Karsan;Gurrad
Karym;Gurrero
Kaseton;Gurrieri
Kashaun;Gurrola
Kashdyn;Gurry
Kasher;Gurske
Kashmeir;Gurski
Kashyap;Gursky
Kastyn;Gurtin
Katriel;Gurtner
Kaushik;Gurule
Kayman;Gurvine
Kaynon;Gurwell
Kaysn;Gurwitz
Keadon;Gusa
Keair;Gusciora
Keani;Guse
Keatan;Gusewelle
Keaundre;Gushard
Keeland;Gushee
Keeler;Gushi
Keenon;Gushiken
Keigo;Gushue
Keil;Gushwa
Keilani;Guske
Keimani;Gusky
Keimoni;Gusler
Kein;Gusman
Keiston;Gusmar
Keivan;Guss
Kekeli;Gussin
Kel;Gussler
Kellum;Gussman
Kelvion;Gussow
Kena;Gust
Kenard;Gustafson
Kender;Gustason
Kenn;Gustave
Kennett;Gustaveson
Kennith;Gustavson
Kentrez;Guster
Kentyn;Gustin
Kenyen;Gustine
Kenzel;Gustis
Keoki;Gustison
Keontre;Gustitus
Kerby;Gustovich
Kerrigan;Gustus
Kestin;Guszak
Keveon;Gut
Kevian;Gutches
Keyion;Gutekunst
Keymon;Gutenberg
Keyner;Gutenberger
Keyson;Gutenson
Keyston;Guterman
Khade;Gutermuth
Khairo;Guterrez
Khalee;Guterriez
Khaleil;Gutgesell
Khalfani;Guth
Khalon;Guthary
Khalyn;Gutherie
Kham;Guthmiller
Khamren;Guthorn
Khance;Guthridge
Khasir;Guthrie
Khayr;Gutiennez
Khelan;Gutieres
Khine;Gutierez
Khiree;Gutierre
Khylil;Gutierres
Khymari;Gutierrex
Khyron;Gutierrez
Ki;Gutirrez
Kidd;Gutjahr
Kiedis;Gutkin
Kieon;Gutknecht
Kiet;Gutkowski
Kile;Gutman
Kilean;Gutmann
Kilik;Gutoski
Killion;Gutowski
Kilyan;Gutrerrez
Kingcharles;Gutreuter
Kingg;Gutsche
Kingisaiah;Gutschow
Kingmichael;Gutshall
Kino;Gutt
Kinsey;Gutta
Kinzer;Guttenberg
Kinzler;Gutter
Kipling;Gutteridge
Kire;Gutterman
Kirian;Gutterrez
Kiro;Guttery
Kirtan;Guttierez
Kiyoshi;Guttierrez
Klint;Gutting
Klinton;Guttirez
Kmarion;Guttman
Knixon;Guttmann
Knoll;Guttormson
Knoxley;Gutzler
Knute;Gutzman
Ko;Gutzmann
Kobee;Gutzmer
Kobyn;Gutzwiller
Koki;Guy
Kolbin;Guye
Koleman;Guyer
Kollen;Guyet
Kollier;Guyett
Kolsten;Guyette
Kordale;Guyll
Kosi;Guymon
Kostas;Guynes
Kouper;Guynn
Kouta;Guynup
Krishnav;Guyon
Kristyan;Guyot
Kronos;Guyott
Krystof;Guys
Ku;Guyton
Kuno;Guz
Kveon;Guzalak
Kwadwo;Guzek
Kydon;Guzewicz
Kyeden;Guzi
Kylenn;Guziak
Kylie;Guziczek
Kymier;Guziec
Kymiere;Guzik
Kyrein;Guzma
Kyric;Guzman
Kyrion;Guzmdn
Kyven;Guzon
Kyvin;Guzowski
Kyzin;Guzy
Labrandon;Guzzardo
Labron;Guzzetta
Lacy;Guzzi
Ladarion;Guzzio
Ladarrian;Guzzo
Laden;Gverrero
Laike;Gwalthney
Laithen;Gwaltney
Laiton;Gwartney
Laityn;Gwathney
Lakayden;Gwenn
Lamberto;Gwillim
Lamon;Gwilt
Lamond;Gwin
Landers;Gwinn
Landree;Gwinner
Landy;Gwirtz
Landyon;Gwozdz
Lanier;Gwyn
Lannon;Gwynes
Larion;Gwynn
Larken;Gyaki
Laroy;Gyatso
Lason;Gyger
Latavius;Gyles
Lathon;Gyllenband
Latre;Gyllensten
Laughlin;Gysin
Lavance;Gyurko
Laveon;Gzym
Lavontay;Ha
Lawaia;Haab
Lawerence;Haaby
Lawrance;Haack
Laydon;Haacke
Layn;Haaf
Lazavion;Haag
Leeson;Haaga
Legen;Haage
Leiby;Haagensen
Leigham;Haak
Lejend;Haake
Lejon;Haakenson
Lejuan;Haakenstad
Lelend;Haaker
Lelyn;Haakinson
Lelynd;Haaland
Lendell;Haan
Lennex;Haapala
Lennie;Haar
Lenyx;Haare
Leoh;Haarstad
Leovani;Haas
Leovardo;Haasch
Levell;Haase
Li;Haass
Liamjames;Haataja
Librado;Haaz
Lindan;Habash
Lionardo;Habben
Liridon;Habbs
Little;Habbyshaw
Llewelyn;Habeck
Lochlin;Habeeb
Locklin;Habegger
Logic;Habel
Londell;Habenicht
Lonzell;Haber
Loran;Haberer
Loreto;Haberern
Lot;Haberkamp
Loucas;Haberkorn
Luar;Haberle
Luchiano;Haberman
Lucy;Habermann
Luna;Habermehl
Luqmaan;Habersham
Luthor;Haberstroh
Luziano;Habib
Lydon;Habibi
Lyrix;Habicht
Maanav;Habif
Maasai;Habig
Mackie;Habina
Mackinnon;Habisch
Macrae;Hable
Magdaleno;Haboush
Maged;Habowski
Mahadev;Habrock
Mahan;Haby
Mahith;Hach
Mahmud;Hacher
Mahrus;Hachette
Mailo;Hachey
Majestic;Hachez
Majic;Hachigian
Majur;Hachting
Makahi;Hack
Makaius;Hackathorn
Makarios;Hackbart
Makarius;Hackbarth
Makaveli;Hackborn
Makia;Hacke
Malacki;Hackel
Malaky;Hacken
Mali;Hackenberg
Mamoudou;Hackenbery
Manaf;Hackenmiller
Manhattan;Hacker
Manit;Hackerd
Mansa;Hackerott
Mantra;Hackethal
Maor;Hackett
Marcas;Hackey
Marcin;Hackford
Marcuz;Hacking
Marios;Hackl
Markai;Hackle
Markease;Hackleman
Markeese;Hackler
Marken;Hackley
Markevious;Hackman
Markez;Hackmann
Marlyn;Hackmeyer
Marquavion;Hackner
Marrion;Hackney
Marshun;Hackshaw
Marte;Hackwell
Martese;Hackworth
Martial;Hacopian
Martinez;Haczynski
Martyn;Hada
Marvion;Hadad
Masaki;Hadaller
Mascud;Hadaway
Maseo;Hadcock
Masonlee;Haddad
Masood;Haddan
Maston;Haddaway
Masun;Hadden
Matas;Haddenham
Mathiew;Hadder
Matthan;Haddick
Matthis;Haddix
Maury;Haddock
Maurya;Haddon
Mavin;Haddow
Maxmilian;Haddox
Maxmiliano;Hade
Maxsim;Hadef
Maxwel;Hadel
Maxxton;Haden
Maxy;Hader
Mayar;Hadesty
Mayceon;Hadfield
Mays;Hadges
Mazon;Hadian
Mcallister;Hadiaris
Mcarthur;Hadland
Mccarthy;Hadler
Mccartney;Hadley
Mccormick;Hadlock
Mccray;Hadnot
Mckale;Hadnott
Mckennon;Hadsall
Mclane;Hadsell
Meba;Hadson
Mehan;Hadvab
Meilech;Hadwin
Mekael;Hady
Mekel;Haeber
Melchor;Haeck
Melissa;Haeckel
Melquan;Haecker
Melton;Haeder
Melvyn;Haefele
Meron;Haefner
Merrit;Haegele
Mesai;Haeger
Messai;Haehn
Messias;Haen
Meyson;Haener
Mieko;Haer
Migel;Haering
Mihailo;Haerr
Miiking;Haertel
Mikiyas;Haerter
Milio;Haese
Minor;Haessig
Miraan;Haessler
Missiah;Haessly
Mithun;Haeuser
Miykael;Haeussler
Mkai;Hafele
Modou;Hafeman
Moe;Hafemeister
Mohamadou;Hafen
Mohamedali;Hafenbrack
Mohmed;Hafenstein
Momen;Hafer
Monico;Haferkamp
Montavius;Haff
Montay;Hafferkamp
Monterius;Haffey
Moon;Haffling
Moritz;Haffner
Mortimer;Hafford
Mosie;Haflett
Moxley;Hafley
Mozes;Hafner
Moziah;Haft
Muadh;Hafter
Mubarik;Haga
Muiz;Hagadone
Muizz;Hagadorn
Mukunda;Hagaman
Murdock;Hagan
Musashi;Hagans
Mustaqeem;Hagar
Mycheal;Hagarty
Mykeal;Hagberg
Myster;Hage
Naazir;Hagebusch
Nacari;Hagedorn
Nachshon;Hagee
Naethan;Hagel
Naftuly;Hagele
Nahiem;Hagelgans
Naitik;Hageman
Najm;Hagemann
Nakari;Hagemeier
Nakhi;Hagemeyer
Namari;Hagen
Naomi;Hagenbaugh
Naqeeb;Hagenbrok
Narain;Hagenbuch
Naron;Hagene
Narvell;Hagenhoff
Nashaun;Hagens
Nashoba;Hagenson
Nasri;Hageny
Natas;Hager
Nathanim;Hagerman
Nathnael;Hagert
Navarro;Hagerty
Naven;Hages
Nayson;Hagey
Nazih;Hagg
Nazire;Haggan
Neamiah;Haggans
Neemias;Haggar
Neer;Haggard
Neeson;Haggart
Neftaly;Haggarty
Neimar;Haggberg
Nekko;Hagge
Nemo;Haggen
Ness;Hagger
Nevon;Haggermaker
Neyo;Haggerton
Nezar;Haggerty
Ngun;Haggett
Nial;Haggin
Nic;Haggins
Nickai;Haggis
Nicolaas;Hagglund
Nidish;Haggstrom
Nihaan;Haghighi
Nikholas;Hagie
Nikkolai;Hagin
Nikoloz;Hagins
Nil;Hagist
Nio;Hagle
Nitai;Hagler
Nived;Hagley
Nix;Haglund
Noahanthony;Hagmaier
Noahh;Hagman
Noal;Hagmann
Noan;Hagner
Noelan;Hagon
Nollan;Hagood
Nore;Hagopian
Noriel;Hagos
Nouh;Hagstrom
Nouman;Hague
Nowah;Hagwell
Nunzio;Hagwood
Nyair;Hagy
Nyaire;Hahl
Nyel;Hahm
Nyzere;Hahn
Obediah;Hahne
Obryan;Hahner
Odie;Hahnert
Ogheneruno;Hahs
Ohene;Hai
Oleksiy;Haid
Oliber;Haider
Oliverjames;Haifa
Ollis;Haifley
Olman;Haig
Oluwafikayo;Haigh
Oluwapelumi;Haight
Olyn;Haigler
Omare;Haigwood
Ondre;Haik
Onni;Hail
Ora;Haile
Osbourne;Hailes
Oshae;Hailey
Osvin;Hails
Oved;Hailstock
Pacer;Hailstone
Paeton;Haimes
Parshva;Haims
Patryck;Hain
Pavly;Hainds
Pernell;Haine
Peterjames;Hainer
Petie;Haines
Petro;Hainesworth
Peyten;Hainey
Philbert;Hainley
Phillippe;Hainline
Phillips;Hains
Pier;Hainsey
Pinches;Hainsworth
Pio;Hair
Placido;Haire
Pol;Hairell
Portland;Hairfield
Prabal;Hairgrove
Prabhjot;Hairr
Pradyumna;Hairster
Pragyan;Hairston
Prateek;Haislett
Pratyush;Haisley
Praxton;Haislip
Precieux;Haist
Precious;Haisten
Priam;Hait
Princeanthony;Haith
Princecharles;Haithcock
Princedavid;Haitz
Princejames;Hajdas
Prinz;Hajduk
Priyam;Hajdukiewicz
Pruitt;Hajek
Qaiden;Hakala
Qays;Hakanson
Quayden;Hake
Quince;Hakeem
Quincee;Hakel
Quindell;Haken
Quirino;Haker
Raahi;Hakes
Raanan;Hakey
Racin;Hakim
Racyn;Hakimi
Radlee;Hakimian
Raeshawn;Hakkila
Raidan;Hal
Raidel;Halaas
Rainn;Halaby
Rakari;Halajian
Rakhi;Halaliky
Rakshan;Halama
Ralf;Halas
Rameer;Halasz
Ramelo;Halat
Ramere;Halbach
Ramier;Halberg
Ramin;Halbershtam
Ramis;Halberstam
Rangler;Halbert
Rauri;Halbritter
Rawley;Halbrook
Rayburn;Halbrooks
Raydan;Halbur
Raydyn;Halburnt
Rayion;Halcom
Raymir;Halcomb
Raynel;Halcon
Rayshun;Halcott
Rayvonn;Hald
Rayyaan;Haldane
Razin;Haldeman
Reason;Halder
Regino;Halderman
Remie;Haldi
Renegade;Haldiman
Reon;Hale
Requan;Haleamau
Rev;Halechko
Revaan;Halek
Rexx;Halen
Reydan;Hales
Reyland;Haley
Rhamir;Half
Rhandy;Halfacre
Rheece;Halferty
Rhet;Halfhill
Rhory;Halfmann
Rhyis;Halford
Rhyne;Halgas
Rhyse;Halgren
Rhyson;Halgrimson
Richardson;Haliburton
Ridger;Halick
Rieker;Halifax
Rien;Halik
Rigden;Halim
Riko;Halima
Rishith;Halk
Rishvik;Halko
Rithwik;Hall
Rito;Halla
Riyaz;Hallack
Rmoni;Hallada
Roam;Halladay
Roanan;Hallahan
Robertanthony;Hallam
Robsan;Hallan
Roby;Hallas
Robyn;Hallauer
Rockie;Hallaway
Rodin;Hallback
Rodric;Hallberg
Rodricus;Hallczuk
Rodriguez;Halle
Roey;Halleck
Romaan;Hallee
Romain;Halleen
Romano;Hallemeyer
Romar;Hallenbeck
Romelio;Haller
Romey;Hallerman
Romon;Hallet
Romy;Hallett
Rondale;Halley
Ronith;Hallford
Ronon;Hallgren
Ronson;Halliburton
Rostam;Hallick
Rostislav;Halliday
Roux;Hallie
Royall;Halligan
Royse;Hallihan
Rudhvi;Halliman
Rusbel;Hallin
Rutger;Hallinan
Ruzgar;Halling
Ryad;Hallinger
Ryanjacob;Hallio
Ryeland;Hallisey
Ryhan;Halliwell
Ryle;Hallman
Ryota;Hallmark
Ryunosuke;Hallmon
Ryze;Hallo
Sa;Hallock
Sabien;Halloran
Saboor;Halloway
Sabriel;Hallowell
Safi;Hallowich
Safir;Hallquist
Safwaan;Halls
Sahal;Hallstead
Saheed;Hallstrom
Sahel;Hallum
Sahim;Hallums
Saidou;Hally
Sair;Halm
Saish;Halma
Saivon;Halman
Sakai;Halmes
Sakariye;Halmick
Saket;Halmstead
Salam;Halnon
Salinger;Halo
Saliou;Halon
Sameir;Halonen
Samiel;Halpain
Samrat;Halpainy
Sanai;Halper
Sanchit;Halperin
Sang;Halpern
Sani;Halpert
Sanil;Halphen
Saras;Halpin
Sari;Halprin
Sava;Hals
Savien;Halsall
Saviour;Halse
Sayler;Halsell
Seager;Halsema
Seaver;Halseth
Sebastyn;Halsey
Sehajpreet;Halstead
Seidon;Halsted
Sekai;Halston
Semion;Halstrom
Sergei;Halt
Sevak;Halter
Severyn;Halterman
Sevrin;Haltiwanger
Shabazz;Haltom
Shafi;Halton
Shahir;Haluska
Shahraan;Halverson
Shahryar;Halvorsen
Shahzaib;Halvorson
Shaka;Halward
Shakai;Halwick
Shakil;Halwood
Sham;Halyk
Shamarion;Ham
Shameer;Hamacher
Shandon;Hamad
Sharmarke;Hamada
Sharrod;Hamai
Shavar;Hamaker
Shaylan;Hamalainen
Shayon;Hamalak
Shehab;Hamamoto
Shen;Haman
Sherif;Hamann
Sherwood;Hamano
Shiah;Hamar
Shihab;Hamara
Shivraj;Hamasaki
Shlomy;Hamb
Shoaib;Hambelton
Shreehan;Hamberg
Shriram;Hamberger
Shrish;Hamberlin
Shriyans;Hamberry
Shuban;Hamblen
Shylo;Hamblet
Siaka;Hambleton
Sidon;Hambley
Siem;Hamblin
Silviano;Hambly
Simar;Hamborsky
Sircharles;Hambrecht
Sitka;Hambric
Siva;Hambrick
Skyden;Hambright
Skyelar;Hamburg
Slayder;Hamburger
Sofian;Hamby
Sohaib;Hamdan
Sohrab;Hamden
Solly;Hamdn
Son;Hamed
Sonni;Hameen
Sorren;Hameister
Sosa;Hamel
Sosaia;Hamelin
Sotaro;Hamelinck
Souta;Hamelton
Spyridon;Hamer
Sreekar;Hamernik
Srihith;Hamers
Srinivas;Hamersly
Star;Hames
Stas;Hamett
Statham;Hamff
Stellar;Hamic
Stephane;Hamid
Stephanos;Hamidi
Stevens;Hamiel
Stian;Hamil
Straton;Hamill
Success;Hamiltan
Sudeys;Hamilton
Suede;Hamiss
Sujay;Hamiter
Sukhman;Hamiton
Suveer;Hamler
Syire;Hamlet
Tab;Hamlett
Tadarius;Hamlette
Taddeo;Hamley
Tadeusz;Hamlin
Taeden;Hamling
Taelin;Hamm
Taesean;Hammacher
Taetum;Hammack
Tahari;Hammaker
Tailyn;Hamman
Taiven;Hammang
Tajai;Hammann
Tajwar;Hammans
Taliesin;Hammar
Talion;Hammargren
Talynn;Hammarlund
Tamilore;Hammatt
Tandre;Hamme
Taneesh;Hammed
Taner;Hammel
Tani;Hammell
Tarance;Hammen
Taras;Hammer
Tarin;Hammeren
Tarique;Hammerle
Tarren;Hammerlund
Tasman;Hammerly
Taton;Hammerman
Tavious;Hammers
Tavita;Hammerschmidt
Tavius;Hammersley
Tayen;Hammersmith
Tayquan;Hammerstad
Taytem;Hammerstein
Teagyn;Hammerstone
Teandre;Hammerstrom
Tedd;Hammes
Teddrick;Hammet
Temitayo;Hammett
Temple;Hammette
Tenor;Hammill
Tenuun;Hamming
Tenzing;Hammitt
Teofilo;Hammock
Termaine;Hammon
Tesla;Hammond
Tevaughn;Hammonds
Tha;Hammons
Thys;Hammontree
Tiam;Hammrich
Tibor;Hamn
Tilak;Hamner
Timothee;Hamnon
Tirso;Hamolik
Tobby;Hamon
Toki;Hamonds
Tolan;Hamons
Tolliver;Hamontree
Tomasz;Hamor
Tone;Hamp
Tonio;Hamparian
Topher;Hampe
Toran;Hampel
Torrell;Hamper
Torrion;Hample
Tr;Hampon
Traden;Hampshire
Traeson;Hampson
Traevon;Hampton
Trasean;Hamra
Travonne;Hamre
Travontae;Hamric
Treasure;Hamrick
Tredyn;Hams
Trenell;Hamsher
Trennan;Hamsik
Trennen;Hamson
Trennis;Hamstra
Treson;Hamway
Trestan;Hamza
Trestin;Hamzik
Trevaughn;Han
Trevian;Hanacek
Trevonte;Hanafan
Treylen;Hanafin
Treylon;Hanagami
Treysin;Hanagan
Treyten;Hanahan
Treyvin;Hanan
Trez;Hanauer
Trijal;Hanavan
Trillian;Hanawalt
Trindon;Hanaway
Tripton;Hanback
Triumph;Hanberg
Trypp;Hanberry
Tryson;Hanbury
Tydarius;Hanby
Tyeler;Hance
Tyheir;Hancey
Tyhir;Hancher
Tyjay;Hanchett
Tylyn;Hancin
Tyne;Hancock
Tyray;Hancox
Tyreik;Hand
Tyreon;Handal
Tyse;Handcock
Tywin;Handel
Tyzen;Handeland
Ubaidullah;Handelman
Udbhav;Handelsman
Uzay;Handerson
Uzayr;Handford
Uzias;Handin
Vahagn;Handing
Vahan;Handke
Vahe;Handkins
Vahn;Handler
Vali;Handley
Vardaan;Handlin
Vardan;Handly
Vegeta;Handon
Vencent;Handren
Venicio;Handrick
Venson;Hands
Verlin;Handsaker
Vibhu;Handschumaker
Vick;Handshaw
Vidhaan;Handshoe
Vidur;Handsom
Vikranth;Handsome
Vincen;Handt
Vinton;Handville
Vinzent;Handwerk
Viransh;Handwerker
Vishv;Handy
Vitor;Handzel
Vyaan;Handzlik
Waaris;Hane
Wafi;Hanebutt
Wahid;Hanegan
Wasim;Hanek
Wataru;Hanekamp
Weber;Haneke
Whitfield;Hanel
Willaim;Haneline
Willam;Hanemann
Williamjames;Hanenberger
Williamson;Hanenkrat
Win;Haner
Xai;Hanes
Xaine;Haney
Xaire;Hanf
Xandyr;Hanford
Xannder;Hanft
Xavy;Hang
Xaylen;Hangartner
Xyaire;Hanger
Xylon;Hanhan
Xzadrian;Hanhardt
Xzaviar;Hanible
Xzayden;Hanifan
Yaciel;Hanify
Yadrian;Hanigan
Yahriel;Haning
Yahushua;Hanington
Yahweh;Hanis
Yaidden;Hanisch
Yamajesty;Hanisco
Yaman;Hanisko
Yancarlo;Hank
Yandry;Hanke
Yannai;Hankel
Yarin;Hanken
Yasseen;Hankerson
Yassen;Hankey
Yegor;Hankin
Yekusiel;Hankins
Yengkong;Hankinson
Yeshayahu;Hankison
Yicheng;Hankla
Yiddy;Hanko
Yien;Hanks
Yifan;Hanle
Yilin;Hanley
Yiming;Hanlin
Yiran;Hanline
Yirmeyah;Hanlon
Yixuan;Hanly
Yogesh;Hanmer
Yony;Hanmore
Yoon;Hann
Yordanny;Hanna
Yorel;Hannafin
Yoshi;Hannaford
Yoshiyah;Hannagan
Yosiel;Hannah
Younus;Hannahs
Yuepheng;Hannam
Yuriah;Hannaman
Yurik;Hannan
Yusuke;Hannasch
Ywa;Hannawalt
Zaakir;Hannaway
Zabdi;Hannay
Zacary;Hannegan
Zaccheus;Hanneken
Zacharyah;Hannem
Zackeriah;Hanneman
Zackry;Hannemann
Zae;Hannen
Zaedin;Hanner
Zafer;Hanners
Zafir;Hannes
Zahair;Hanney
Zaheem;Hanni
Zaheen;Hannibal
Zahi;Hannifan
Zailen;Hannig
Zailyn;Hannigan
Zaith;Hanninen
Zaiyon;Hanning
Zakhai;Hanno
Zalyn;Hannold
Zalynn;Hannon
Zamauri;Hanns
Zan;Hannula
Zandyn;Hannum
Zao;Hano
Zarar;Hanoa
Zared;Hanock
Zareon;Hanohano
Zarrien;Hanoharo
Zathan;Hanold
Zaul;Hanover
Zavi;Hanrahan
Zavon;Hanrath
Zay;Hanry
Zaylor;Hans
Zayquan;Hansard
Zecharia;Hansberger
Zecharya;Hansberry
Zee;Hansbrough
Zeev;Hansbury
Zeik;Hansch
Zekariah;Hansche
Zepplin;Hanscom
Zerek;Hansel
Zeyd;Hansell
Zhi;Hanselman
Ziel;Hansen
Zihan;Hanser
Zihao;Hanserd
Ziheng;Hanses
Zimere;Hansford
Ziyi;Hanshaw
Ziyu;Hanshew
Zoel;Hansil
Zohar;Hansing
Zolton;Hansis
Zyah;Hansley
Zykell;Hansman
Zyking;Hansmann
Zykir;Hansome
Zyrus;Hanson
Zyus;Hansrote